<?xml version="1.0" encoding="UTF-8"?>
<!DOCTYPE mapper PUBLIC "-//mybatis.org//DTD Mapper 3.0//EN"
        "http://mybatis.org/dtd/mybatis-3-mapper.dtd">
<mapper namespace="com.glodon.ngtrade.productcenter.productandmodule.ProductAndModuleMapper">

    <resultMap id="map" type="com.glodon.ngtrade.productcenter.productandmodule.ProductAndModule">
        <result column="pid" property="pid"/>
        <result column="mid" property="mid"/>
    </resultMap>
    <insert id="insert"
            parameterType="com.glodon.ngtrade.productcenter.productandmodule.ProductAndModule">
        <!--
          WARNING - @mbg.generated
          This element is automatically generated by MyBatis Generator, do not modify.
          This element was generated on Wed Jan 24 14:03:03 CST 2018.
        -->
        INSERT INTO `product_center`.`product_and_module` (`pid`, `mid`) VALUES
        (#{pid,jdbcType=VARCHAR}, #{mid,jdbcType=VARCHAR})
    </insert>
    <select id="selectOne"
            parameterType="com.glodon.ngtrade.productcenter.productandmodule.ProductAndModule"
            resultType="com.glodon.ngtrade.productcenter.productandmodule.ProductAndModule">
    select pid,mid from `product_center`.`product_and_module` where pid = #{pid,jdbcType=VARCHAR} and mid = #{mid,jdbcType=VARCHAR}
  </select>
    <select id="selectByPid" parameterType="java.lang.String"
            resultMap="map">
    select pid,mid from `product_center`.`product_and_module` where pid = #{pid,jdbcType=VARCHAR}
  </select>
    <select id="selectByMid" parameterType="java.lang.String"
            resultMap="map">
    select pid,mid from `product_center`.`product_and_module` where mid = #{mid,jdbcType=VARCHAR}
  </select>
    <select id="selectByMids" resultMap="map">
        select pid,mid from `product_center`.`product_and_module` where mid in
        <foreach item="item" index="index" collection="list"
                 open="(" separator="," close=")">
            #{item}
        </foreach>
    </select>
</mapper>