<?xml version="1.0" encoding="UTF-8"?>
<!DOCTYPE mapper PUBLIC "-//mybatis.org//DTD Mapper 3.0//EN"
        "http://mybatis.org/dtd/mybatis-3-mapper.dtd">
<mapper namespace="com.glodon.ngtrade.productcenter.productauthmodule.ProductAuthModuleMapper">

    <resultMap type="com.glodon.ngtrade.productcenter.productauthmodule.ProductAuthModuleDTO"
               id="rm">
        <id column="id" jdbcType="VARCHAR" property="id"/>
        <result column="auth_name" jdbcType="VARCHAR" property="authName"/>
        <result column="copyright_name" jdbcType="VARCHAR" property="copyrightName"/>
        <result column="copyright_code" jdbcType="VARCHAR" property="copyrightCode"/>
        <result column="lock_auth_pid" jdbcType="VARCHAR" property="lockAuthPid"/>
        <result column="new_lock_auth_rule_id" jdbcType="INTEGER" property="newLockAuthRuleId"/>
        <result column="out_product_id" jdbcType="VARCHAR" property="outProductId"/>
        <result column="out_module_id" jdbcType="VARCHAR" property="outModuleId"/>
        <result column="create_time" jdbcType="TIMESTAMP" property="createTime"/>
        <result column="update_time" jdbcType="TIMESTAMP" property="updateTime"/>
        <collection property="moduleAuthQuotaDTOS"
                    ofType="com.glodon.ngtrade.productcenter.moduleauthquota.ModuleAuthQuotaDTO"
                    select="queryAllQuotas" column="{mid=id}" autoMapping="true"/>
    </resultMap>

    <resultMap id="qrm"
               type="com.glodon.ngtrade.productcenter.moduleauthquota.ModuleAuthQuotaDTO">
        <id property="id" column="id"/>
        <result property="mid" column="mid"/>
        <result property="quotaName" column="quota_name"/>
        <result property="quotaType" column="quota_type"/>
        <result property="quotaDefaultValue" column="quota_default_value"/>
        <result property="createTime" column="create_time"/>
        <result property="updateTime" column="update_time"/>
    </resultMap>

    <select id="queryAllQuotas" resultMap="qrm">
        select *
        from module_auth_quota
        where mid= #{mid};
    </select>

    <select id="getModulePage" resultMap="rm">
        select *
        from product_auth_module
        <where>
            <if test="productId != null and productId != ''">
                product_auth_module.id in (select mid from product_and_module where pid =
                #{productId})
            </if>
            <if test="moduleName != null and moduleName != ''">
                AND product_auth_module.auth_name like "%"#{moduleName}"%"
            </if>
            <if test="lockAuthPid != null  and lockAuthPid != ''">
                AND product_auth_module.lock_auth_pid = #{lockAuthPid}
            </if>
        </where>
        order by product_auth_module.id desc
    </select>

    <select id="listPage" resultMap="prm">
        select
        id,auth_name,copyright_name,copyright_code,lock_auth_pid,new_lock_auth_rule_id,create_time,update_time
        from product_auth_module
        <where>
            <if test="searchValue != null and searchValue != ''">
                (
                product_auth_module.auth_name like "%"#{searchValue}"%"
                or product_auth_module.copyright_name like "%"#{searchValue}"%"
                or product_auth_module.lock_auth_pid = #{searchValue}
                )
            </if>
        </where>
        order by product_auth_module.id desc
    </select>

    <resultMap type="com.glodon.ngtrade.productcenter.productauthmodule.ProductAuthModuleDTO"
               id="prm">
        <id column="id" jdbcType="VARCHAR" property="id"/>
        <result column="auth_name" jdbcType="VARCHAR" property="authName"/>
        <result column="copyright_name" jdbcType="VARCHAR" property="copyrightName"/>
        <result column="copyright_code" jdbcType="VARCHAR" property="copyrightCode"/>
        <result column="lock_auth_pid" jdbcType="VARCHAR" property="lockAuthPid"/>
        <result column="new_lock_auth_rule_id" jdbcType="INTEGER" property="newLockAuthRuleId"/>
        <result column="create_time" jdbcType="TIMESTAMP" property="createTime"/>
        <result column="update_time" jdbcType="TIMESTAMP" property="updateTime"/>
        <collection property="productDTOS"
                    ofType="com.glodon.ngtrade.productcenter.product.ProductDTO"
                    select="qps" column="{mid=id}" autoMapping="true"/>
    </resultMap>

    <resultMap id="pprm"
               type="com.glodon.ngtrade.productcenter.product.ProductDTO">
        <id property="id" column="id"/>
        <result property="name" column="name"/>
    </resultMap>

    <select id="qps" resultMap="pprm">
        select id,`name`
        from product
        where id in (select pid from product_and_module where mid =
                #{mid});
    </select>
</mapper>