<?xml version="1.0" encoding="UTF-8"?>
<!DOCTYPE mapper PUBLIC "-//mybatis.org//DTD Mapper 3.0//EN"
  "http://mybatis.org/dtd/mybatis-3-mapper.dtd">
<mapper namespace="com.glodon.ngtrade.productcenter.typegmspid.TypeGmspidMapper">

  <resultMap type="com.glodon.ngtrade.productcenter.typegmspid.dto.TypeGmspidDTO" id="rm">
    <result column="TYPEGMSPID" jdbcType="VARCHAR" property="typeGmspid"/>
    <result column="GMSPID" jdbcType="VARCHAR" property="gmspid"/>
    <result column="CREATETIME" jdbcType="TIMESTAMP" property="createTime"/>
    <result column="GMSPRULEID" jdbcType="INTEGER" property="gmspRuleId"/>
    <collection property="moduleDtos"
      ofType="com.glodon.ngtrade.productcenter.typegmspid.dto.PMDTO">
      <result property="productModuleId" column="moduleid"/>
      <result property="productId" column="productid"/>
      <result property="productModuleName" column="moduleName"/>
      <result property="productName" column="productName"/>
    </collection>
  </resultMap>

  <sql id="select_module">
    SELECT
    TYPE_GMSPID.GMSPID AS gmspid,
    TYPE_GMSPID.CREATE_TIME AS createTime,
    TYPE_GMSPID.GMSPID_RULE_ID AS gmspRuleId,
    product_auth_module.LOCK_AUTH_PID AS typeGmspid,
    product_auth_module.auth_name AS moduleName,
    product_auth_module.ID AS moduleid,
    product.name AS productName,
    product.id  as productid
    FROM
    TYPE_GMSPID
    LEFT JOIN
    product_auth_module ON TYPE_GMSPID.LOCK_AUTH_PID = product_auth_module.LOCK_AUTH_PID
    LEFT JOIN
    product_and_module on product_and_module.mid  = product_auth_module.ID
    LEFT JOIN
    product on product.id = product_and_module.pid
  </sql>

  <select id="selectDtoPageWithSearch" resultMap="rm" parameterType="string">
    <include refid="select_module"/>
    <if test="searchValue != null and searchValue != '' ">
      where
        product_auth_module.lock_auth_pid like "%"#{searchValue,jdbcType=VARCHAR}"%"
      or product.name like "%"#{searchValue,jdbcType=VARCHAR}"%"
      or product_auth_module.auth_name like "%"#{searchValue,jdbcType=VARCHAR}"%"
    </if>
    order by TYPE_GMSPID.id desc
  </select>
</mapper>