<?xml version="1.0" encoding="UTF-8"?>
<!DOCTYPE mapper PUBLIC "-//mybatis.org//DTD Mapper 3.0//EN"
  "http://mybatis.org/dtd/mybatis-3-mapper.dtd">
<mapper namespace="com.glodon.ngtrade.productcenter.budgetproduct.BudgetProductMapper">

  <resultMap type="com.glodon.ngtrade.productcenter.budgetproduct.dto.BudgetProductDTO" id="rm">
    <result column="id" jdbcType="INTEGER" property="id"/>
    <result column="product_line_id" jdbcType="INTEGER" property="productLineId"/>
    <result column="budget_product_name" jdbcType="VARCHAR" property="budgetProductName"/>
    <result column="product_line_name" jdbcType="VARCHAR" property="productLineName"/>
    <result column="is_stop" jdbcType="TINYINT" property="isStop"/>
    <result column="create_time" jdbcType="TIMESTAMP" property="createTime"/>
    <result column="update_time" jdbcType="TIMESTAMP" property="updateTime"/>
  </resultMap>

  <sql id="select_sql">
     SELECT a.*,b.product_line_name
     FROM
    budget_product a LEFT JOIN product_line b
    on a.product_line_id = b.id

  </sql>

  <select id="selectDtoPage" resultMap="rm">
    <include refid="select_sql"/>
  </select>
</mapper>